{"cameraMode":{"drawMode":0,"name":"Shaded","section":"Shading Mode"},"sceneLighting":true,"audioPlay":false,"sceneViewState":{"m_AlwaysRefresh":false,"showFog":true,"showSkybox":true,"showFlares":true,"showImageEffects":true,"showParticleSystems":true,"showVisualEffectGraphs":true,"m_FxEnabled":true},"in2DMode":false,"pivot":{"x":0.49871826171875,"y":3.409359931945801,"z":-13.740631103515625},"rotation":{"x":0.005198847968131304,"y":-0.7207399606704712,"z":0.0054056779481470589,"w":0.6931654214859009},"size":2.2845239639282228,"orthographic":true}