{"cameraMode":{"drawMode":0,"name":"Shaded","section":"Shading Mode"},"sceneLighting":true,"audioPlay":false,"sceneViewState":{"m_AlwaysRefresh":false,"showFog":true,"showSkybox":true,"showFlares":true,"showImageEffects":true,"showParticleSystems":true,"showVisualEffectGraphs":true,"m_FxEnabled":true},"in2DMode":false,"pivot":{"x":6.260458946228027,"y":5.951760292053223,"z":-9.353937149047852},"rotation":{"x":0.0014856155030429364,"y":0.1381584256887436,"z":-0.00020723640045616776,"w":0.9904091358184815},"size":4.66798210144043,"orthographic":false}