{"cameraMode":{"drawMode":0,"name":"Shaded","section":"Shading Mode"},"sceneLighting":true,"audioPlay":false,"sceneViewState":{"m_AlwaysRefresh":false,"showFog":true,"showSkybox":true,"showFlares":true,"showImageEffects":true,"showParticleSystems":true,"showVisualEffectGraphs":true,"m_FxEnabled":true},"in2DMode":false,"pivot":{"x":0.12305110692977905,"y":2.5496973991394045,"z":-13.342512130737305},"rotation":{"x":-0.02256983518600464,"y":-0.4650821387767792,"z":-0.011862157844007016,"w":0.8849004507064819},"size":1.0938522815704346,"orthographic":false}