{"cameraMode":{"drawMode":0,"name":"Shaded","section":"Shading Mode"},"sceneLighting":true,"audioPlay":false,"sceneViewState":{"m_AlwaysRefresh":false,"showFog":true,"showSkybox":true,"showFlares":true,"showImageEffects":true,"showParticleSystems":true,"showVisualEffectGraphs":true,"m_FxEnabled":true},"in2DMode":false,"pivot":{"x":1.1299999952316285,"y":0.7946348190307617,"z":-2.3255066871643068},"rotation":{"x":0.0489550456404686,"y":-0.35962527990341189,"z":0.018897702917456628,"w":0.9316200613975525},"size":7.484257221221924,"orthographic":false}